scenario_id,mean_wind_speed,max_wind_speed,wind_velocity_x,wind_velocity_y,wind_velocity,wind_acceleration_x,wind_acceleration_y,wind_acceleration,wind_body_force_x,wind_body_force_y,wind_body_force,mean_wind_body_risk,mean_wind_gust_risk,mean_wind_risk_raw,min_thrust_margin_n,mean_abs_roll_deg,mean_abs_pitch_deg,mean_abs_vz,max_abs_vz,mean_tag_error,max_tag_error,stability_std_z,stability_std_vz,mean_imu_ang_vel,max_imu_ang_vel,mean_imu_lin_acc,max_imu_lin_acc,wind_speed_cmd,wind_dir_cmd,hover_height_cmd,gt_safe_to_land,label,success,onto_wind_condition,onto_gust,onto_temporal_pattern,onto_drone_state,onto_tag_observation
1,2.02143778606337,2.66542601585388,-1.24906621762653,-1.57123761463472,2.02143778606337,-0.0579639570838457,0.0113792129851035,0.0590703547388896,-0.0851333808578602,-0.130799785821829,0.159909736598764,0.0103126290089789,0.129620770097552,0.132185941376881,15.4662423890795,0.68539077941953,0.877707893701931,0.175453819165191,0.240292870147842,0.131554040240052,0.379631199297707,0.15670980151636,0.0409553565160445,NaN,NaN,NaN,NaN,2.0716688985117,-127.374480982322,2.31472368639318,stable,stable,1,0.565487264558941,0.155726916738328,0.17797780763186,0.899991600842879,0.341531537671088
2,2.30112849791845,3,-1.39010356423912,-1.79573819335082,2.30112849791845,0.00881663366674485,0.00585001732375444,0.0105809135665029,-0.109519704254417,-0.174568646271101,0.215198163709784,0.013895329294714,0.227576738798604,0.229235479554139,15.406740325101,2.02905921297676,1.99813976751796,0.0192455155891426,0.0729815840196306,0.13139013468352,0.463749990454705,0.00024463041449296,0.00504392974524562,NaN,NaN,NaN,NaN,2.42882567996652,-126.095851442396,2.33524515102998,stable,stable,1,0.659481362022414,0.159185922122208,0.097454434172987,0.958734964501542,0.341604384585102
3,1.80736291246349,2.61341452598572,-1.12023538279,-1.40318649049813,1.80736291246349,-0.0296633086054368,0.0282965096457317,0.0409951745398451,-0.0679672079657097,-0.104657788075831,0.12771026890075,0.00824066504390212,0.119316706592079,0.121509238259541,15.3649181382013,1.14272250053479,1.23136901716122,0.176521750689485,0.240235802350296,0.166001810179899,0.515082712284918,0.156633637496435,0.0406722923002341,NaN,NaN,NaN,NaN,1.87319628751653,-127.297520073929,1.62880084566369,stable,stable,1,0.506265290975507,0.188877395041472,0.197731311496111,0.893085548444789,0.326221417697823
