scenario_id,mean_wind_speed,max_wind_speed,wind_velocity_x,wind_velocity_y,wind_velocity,wind_acceleration_x,wind_acceleration_y,wind_acceleration,wind_body_force_x,wind_body_force_y,wind_body_force,mean_wind_body_risk,mean_wind_gust_risk,mean_wind_risk_raw,min_thrust_margin_n,mean_abs_roll_deg,mean_abs_pitch_deg,mean_abs_vz,max_abs_vz,mean_tag_error,max_tag_error,stability_std_z,stability_std_vz,mean_imu_ang_vel,max_imu_ang_vel,mean_imu_lin_acc,max_imu_lin_acc,wind_speed_cmd,wind_dir_cmd,hover_height_cmd,gt_safe_to_land,label,success,onto_wind_condition,onto_gust,onto_temporal_pattern,onto_drone_state,onto_tag_observation
1,2.03256640872177,2.74274611473083,-1.25169982147892,-1.58415218040686,2.03256640872177,-0.0559716926449532,0.0147275689222698,0.0578768663966988,-0.0847035240408269,-0.131964061319679,0.160467300831978,0.0103505338707428,0.123537330474087,0.126135599510911,15.4493599594512,0.951065740382358,1.00814808015822,0.176515602068232,0.240262668104173,0.14412641061695,0.385583233323295,0.156608181578261,0.0427805235795856,NaN,NaN,NaN,NaN,2.0716688985117,-127.374480982322,2.31472368639318,stable,stable,1,0.567244828894654,0.170401192691435,0.187400905900806,0.896348376090208,0.335943817503578
2,2.30029098073641,3,-1.38984109970513,-1.79489264386638,2.30029098073641,0.00806969304549534,0.00587389335109601,0.00998111060696984,-0.109446966838776,-0.174415770515717,0.215025202063912,0.0138782106540689,0.226578754992849,0.228303460624266,15.4581414684209,1.60999595464886,1.60931919723189,0.0378549997927186,0.0722403834558132,0.117716565086099,0.410034173735602,0.0208444923135784,0.00427710423287765,NaN,NaN,NaN,NaN,2.42882567996652,-126.095851442396,1.59133896787116,stable,stable,1,0.65907162032123,0.159264399612251,0.106378169203523,0.955777881053149,0.3476815266284
3,1.81274275552659,2.61333751678467,-1.12183785691031,-1.40948539719548,1.81274275552659,-0.0293241637566202,0.0213564316774502,0.0362767660358346,-0.0681635036062053,-0.105814796386984,0.128641898295778,0.00829647765907295,0.122207846899885,0.124290624446365,15.4626797141312,0.675337026224358,0.921077068803207,0.177041829120458,0.240270555538537,0.143170956602241,0.431489279931205,0.159446275051915,0.0376517227263072,NaN,NaN,NaN,NaN,1.87319628751653,-127.297520073929,1.50693928540839,stable,stable,1,0.508256193029696,0.186784561722971,0.196627283704806,0.898935831835983,0.336368463732337
