scenario_id,mean_wind_speed,max_wind_speed,wind_velocity_x,wind_velocity_y,wind_velocity,wind_acceleration_x,wind_acceleration_y,wind_acceleration,wind_body_force_x,wind_body_force_y,wind_body_force,mean_wind_body_risk,mean_wind_gust_risk,mean_wind_risk_raw,min_thrust_margin_n,mean_abs_roll_deg,mean_abs_pitch_deg,mean_abs_vz,max_abs_vz,mean_tag_error,max_tag_error,stability_std_z,stability_std_vz,mean_imu_ang_vel,max_imu_ang_vel,mean_imu_lin_acc,max_imu_lin_acc,wind_speed_cmd,wind_dir_cmd,hover_height_cmd,gt_safe_to_land,label,success,onto_wind_condition,onto_gust,onto_temporal_pattern,onto_drone_state,onto_tag_observation
1,2.03006495991532,2.72158718109131,-1.2472207385405,-1.58414773012457,2.03006495991532,-0.053624922117385,0.0122476838181521,0.0550057999760483,-0.0840824168431811,-0.13181903182287,0.160057693236673,0.0103212755608274,0.121310539688379,0.123883375590967,15.4783336227394,0.641246054391415,0.733484250668227,0.176546312515242,0.240271097050913,0.109046345526789,0.382751823816766,0.15957535696264,0.0357764654437561,NaN,NaN,NaN,NaN,2.0716688985117,-127.374480982322,2.31472368639318,stable,stable,1,0.566127331095611,0.165676896426874,0.183338142526138,0.900925391345482,0.351534957543649
