scenario_id,mean_wind_speed,max_wind_speed,wind_velocity_x,wind_velocity_y,wind_velocity,wind_acceleration_x,wind_acceleration_y,wind_acceleration,wind_body_force_x,wind_body_force_y,wind_body_force,mean_wind_body_risk,mean_wind_gust_risk,mean_wind_risk_raw,min_thrust_margin_n,mean_abs_roll_deg,mean_abs_pitch_deg,mean_abs_vz,max_abs_vz,mean_tag_error,max_tag_error,stability_std_z,stability_std_vz,mean_imu_ang_vel,max_imu_ang_vel,mean_imu_lin_acc,max_imu_lin_acc,wind_speed_cmd,wind_dir_cmd,hover_height_cmd,gt_safe_to_land,label,success,onto_wind_condition,onto_gust,onto_temporal_pattern,onto_drone_state,onto_tag_observation
1,2.02757773837265,2.67096853256226,-1.24834810590761,-1.57955885782684,2.02757773837265,-0.0533989985788589,0.0136324948806615,0.055111686291532,-0.084350116619201,-0.131481066675495,0.16003083089856,0.0103234701558352,0.128702287477746,0.131347225448253,15.4251691194486,1.07300762049136,0.979390798536537,0.176308578549087,0.240294153095646,0.150526877785711,0.3836992551914,0.156661122011176,0.0420233523710402,NaN,NaN,NaN,NaN,2.0716688985117,-127.374480982322,2.31472368639318,stable,stable,1,0.566956841989023,0.15486673784611,0.177828427089981,0.89571972314738,0.333099165428573
2,2.31323099785111,3,-1.39617906580553,-1.80524504072201,2.31323099785111,0.0140685081797447,0.0102412903447228,0.017401349095069,-0.110417610030811,-0.176393942055703,0.217476402859201,0.0140457592300992,0.229588772224053,0.231301197361949,15.2540367837143,2.13395923558818,2.14180550599867,0.0199940750934869,0.303633326307663,0.1494989232279,0.500904705048668,0.000157027223516819,0.00525778965134143,NaN,NaN,NaN,NaN,2.42882567996652,-126.095851442396,2.25410262939127,stable,stable,1,0.663121838899351,0.157713272817597,0.0966096770772556,0.956407668055074,0.333556034120933
3,1.80303391875053,2.5224072933197,-1.1175896650185,-1.40027811826857,1.80303391875053,-0.0281097706533524,0.0240041400080066,0.036964279293773,-0.0681128004429619,-0.105083105280802,0.128051096339624,0.00826095553704693,0.129119910998905,0.131172422005035,15.3977691568829,0.903568134589357,1.20373821099155,0.176818809911421,0.240248478904514,0.164145361214168,0.485059597764623,0.156636588069753,0.042938746283751,NaN,NaN,NaN,NaN,1.87319628751653,-127.297520073929,1.57448466533735,stable,stable,1,0.507043529401148,0.168635793815256,0.186411827211216,0.895033188043296,0.327046506127036
