scenario_id,mean_wind_speed,max_wind_speed,wind_velocity_x,wind_velocity_y,wind_velocity,wind_acceleration_x,wind_acceleration_y,wind_acceleration,wind_body_force_x,wind_body_force_y,wind_body_force,mean_wind_body_risk,mean_wind_gust_risk,mean_wind_risk_raw,min_thrust_margin_n,mean_abs_roll_deg,mean_abs_pitch_deg,mean_abs_vz,max_abs_vz,mean_tag_error,max_tag_error,stability_std_z,stability_std_vz,mean_imu_ang_vel,max_imu_ang_vel,mean_imu_lin_acc,max_imu_lin_acc,wind_speed_cmd,wind_dir_cmd,hover_height_cmd,gt_safe_to_land,label,success,onto_wind_condition,onto_gust,onto_temporal_pattern,onto_drone_state,onto_tag_observation
1,2.02856996756833,2.68364715576172,-1.24819318732608,-1.58157827505471,2.02856996756833,-0.057675865448622,0.00536551392319239,0.0579249013370547,-0.0847718158842005,-0.13251370700455,0.161009229838746,0.0103847920168379,0.125973827181311,0.128590465026725,15.4555122034188,0.781649213123592,1.01595339066703,0.176179957571082,0.240289608471839,0.12770984528462,0.414630160101367,0.156665622297484,0.0393001185791991,NaN,NaN,NaN,NaN,2.0716688985117,-127.374480982322,2.31472368639318,stable,stable,1,0.566670084356899,0.15801193258864,0.17872727722935,0.897786000756104,0.343240068762391
2,2.30020044843356,3,-1.38852991324198,-1.79541901984855,2.30020044843356,0.00805479280211329,0.00580917121948065,0.00993107030194723,-0.109310547644087,-0.174604409287644,0.215180897549442,0.0139014643913331,0.22912172742273,0.230793722206688,15.3883274483188,2.31208334697979,2.2222585383426,0.0200124755202386,0.0647347041059406,0.155939614547584,0.479975801062295,0.000295938616674126,0.00672267690721634,NaN,NaN,NaN,NaN,2.42882567996652,-126.095851442396,2.32706635135918,stable,stable,1,0.659545530690286,0.159275595324473,0.0981414952532036,0.954366790283776,0.330693504645518
3,1.8130796604416,2.63489198684692,-1.12469906474838,-1.40729435562242,1.8130796604416,-0.0343122953608375,0.0214581467173292,0.0404695647798661,-0.0687911731456668,-0.105279253230561,0.128616294568151,0.00829947788642629,0.127089284332285,0.129194234817292,15.3763853759953,1.09488181681805,1.25762545198049,0.176857966595846,0.240225282262369,0.165248991439803,0.517835733649736,0.156612753967187,0.0403553858861385,NaN,NaN,NaN,NaN,1.87319628751653,-127.297520073929,1.98465793084258,stable,stable,1,0.509326756414552,0.19232719365084,0.199676670397143,0.89308703101866,0.326556003804532
