scenario_id,mean_wind_speed,max_wind_speed,wind_velocity_x,wind_velocity_y,wind_velocity,wind_acceleration_x,wind_acceleration_y,wind_acceleration,wind_body_force_x,wind_body_force_y,wind_body_force,mean_wind_body_risk,mean_wind_gust_risk,mean_wind_risk_raw,min_thrust_margin_n,mean_abs_roll_deg,mean_abs_pitch_deg,mean_abs_vz,max_abs_vz,mean_tag_error,max_tag_error,stability_std_z,stability_std_vz,mean_imu_ang_vel,max_imu_ang_vel,mean_imu_lin_acc,max_imu_lin_acc,wind_speed_cmd,wind_dir_cmd,hover_height_cmd,gt_safe_to_land,label,success,onto_wind_condition,onto_gust,onto_temporal_pattern,onto_drone_state,onto_tag_observation
1,2.03094668777622,2.6737380027771,-1.25265225189485,-1.58043262061577,2.03094668777622,-0.0589667525244259,0.00818905967877445,0.0595326683569569,-0.0848067324631839,-0.131747770435706,0.160526233394155,0.0103533210851999,0.128362913845268,0.130978974315332,15.4431249132893,0.833563183480756,0.939672788761055,0.175778917673872,0.240308445903084,0.123716864401882,0.409033151346624,0.156704866353672,0.0427196610011862,NaN,NaN,NaN,NaN,2.0716688985117,-127.374480982322,2.31472368639318,stable,stable,1,0.567781578270057,0.155542368407308,0.178506450494933,0.898177972809735,0.345014726932497
2,2.30069236079852,3,-1.39149701636062,-1.79442311523764,2.30069236079852,0.00693206157875538,0.00637701587263983,0.00941911934161346,-0.109655525156703,-0.174481617378821,0.215149620571735,0.0138856761650297,0.228154954492134,0.229791157215531,15.4518910406626,1.48791467210168,1.72099618938702,0.0146248039616431,0.0716305331050282,0.117352231382781,0.422123195041713,0.000271596749145497,0.00337040720394976,NaN,NaN,NaN,NaN,2.42882567996652,-126.095851442396,2.43992348566846,stable,stable,1,0.659476194322711,0.159071057366296,0.0967889467056826,0.967474726964624,0.347843452718764
3,1.77868895222541,2.61029958724976,-1.09392044926024,-1.37268643959366,1.77868895222541,-0.0704165268571289,0.0197339791494154,0.0731294549938006,-0.0682812745178878,-0.10388194177946,0.130041007929919,0.00838887922791145,0.177102941935668,0.179199040435998,15.390272104458,0.898075798751651,1.09626839212387,0.177476306379509,0.240262742294833,0.141768109569842,0.478622418872949,0.159426826449152,0.0382185538109243,NaN,NaN,NaN,NaN,1.87319628751653,-127.297520073929,2.07338556431012,stable,stable,1,0.510156862013974,0.200519459629342,0.205065699019585,0.895591999596223,0.336991951302293
