scenario_id,mean_wind_speed,max_wind_speed,wind_velocity_x,wind_velocity_y,wind_velocity,wind_acceleration_x,wind_acceleration_y,wind_acceleration,wind_body_force_x,wind_body_force_y,wind_body_force,mean_wind_body_risk,mean_wind_gust_risk,mean_wind_risk_raw,min_thrust_margin_n,mean_abs_roll_deg,mean_abs_pitch_deg,mean_abs_vz,max_abs_vz,mean_tag_error,max_tag_error,stability_std_z,stability_std_vz,mean_imu_ang_vel,max_imu_ang_vel,mean_imu_lin_acc,max_imu_lin_acc,wind_speed_cmd,wind_dir_cmd,hover_height_cmd,gt_safe_to_land,label,success,onto_wind_condition,onto_gust,onto_temporal_pattern,onto_drone_state,onto_tag_observation
1,2.03475665965048,2.68414187431335,-1.25288333553029,-1.58595449181593,2.03475665965048,-0.0568653523427047,0.0106651430629351,0.0578568368787373,-0.0849743077367422,-0.132286482729732,0.160884405343704,0.0103785804719734,0.128736705920753,0.131369758188176,15.426843704552,0.92219999814706,1.11111719489167,0.175710644274963,0.240259929422236,0.127575241338262,0.426385163065562,0.156542018230565,0.0404590600557563,NaN,NaN,NaN,NaN,2.0716688985117,-127.374480982322,2.31472368639318,stable,stable,1,0.568875727544429,0.156718760060249,0.178317871835665,0.896168614202929,0.34329989273855
