scenario_id,mean_wind_speed,max_wind_speed,wind_velocity_x,wind_velocity_y,wind_velocity,wind_acceleration_x,wind_acceleration_y,wind_acceleration,wind_body_force_x,wind_body_force_y,wind_body_force,mean_wind_body_risk,mean_wind_gust_risk,mean_wind_risk_raw,min_thrust_margin_n,mean_abs_roll_deg,mean_abs_pitch_deg,mean_abs_vz,max_abs_vz,mean_tag_error,max_tag_error,stability_std_z,stability_std_vz,mean_imu_ang_vel,max_imu_ang_vel,mean_imu_lin_acc,max_imu_lin_acc,wind_speed_cmd,wind_dir_cmd,hover_height_cmd,gt_safe_to_land,label,success,onto_wind_condition,onto_gust,onto_temporal_pattern,onto_drone_state,onto_tag_observation
1,2.04097926697763,2.74333643913269,-1.25224158117514,-1.59413360615517,2.04097926697763,-0.059164850379872,0.0025351491358508,0.059219139656142,-0.0846858421144415,-0.134046846623465,0.162247257043046,0.0104661002499105,0.128490344901257,0.13110248724384,15.4278113556747,1.12708823083968,0.855035760138727,0.176770982775444,0.240273898470072,0.135217224763821,0.365878092636274,0.156703263810003,0.0406566459895352,NaN,NaN,NaN,NaN,2.0716688985117,-127.374480982322,2.31472368639318,stable,stable,1,0.570481635309471,0.16888720600518,0.185762453535061,0.89604067725459,0.339903455660524
2,2.2996652285258,3,-1.39138031173679,-1.79328179983643,2.2996652285258,0.00727079919987223,0.00740167156516027,0.0103754162790398,-0.109705897233546,-0.174320978392171,0.215027251259849,0.013889906796009,0.229329800257773,0.230964072711141,15.4060576769464,2.2670932244146,2.04979117705499,0.035920408163819,0.0625716760524097,0.152654916717551,0.49202499257484,0.0164974988761963,0.00486368650043655,NaN,NaN,NaN,NaN,2.42882567996652,-126.095851442396,1.63783952620919,stable,stable,1,0.659436875482441,0.159477483232853,0.104787324935352,0.948121418477972,0.932153370347755
3,1.82778338347973,2.62755608558655,-1.13116857289821,-1.4203495464475,1.82778338347973,-0.0311921584691652,0.0200613107298497,0.0370864791826495,-0.0695531828192762,-0.107078687800547,0.130613972448253,0.0084252307775666,0.126595706326533,0.128764470005094,15.4153412551943,0.92834439616111,0.942502598859415,0.176330103476215,0.240221960557036,0.162207824845621,0.383810698498995,0.159431563242229,0.0353301915352057,NaN,NaN,NaN,NaN,1.87319628751653,-127.297520073929,1.59010997028485,stable,stable,1,0.513161796262281,0.186748045824185,0.195754642423051,0.89713543615816,0.327907633401946
