method,n_valid,accuracy,precision,safe_recall,unsafe_reject,balanced_accuracy,f1,unsafe_landing_rate,TP,FP,FN,TN
Ontology+AI (policy),300,0.913333333333333,0.995934959349594,0.907407407407407,0.966666666666667,0.937037037037037,0.949612403100775,0.0333333333333333,245,1,25,29
Threshold baseline,300,0.763333333333333,0.95852534562212,0.77037037037037,0.7,0.735185185185185,0.854209445585215,0.3,208,9,62,21
