method,n_valid,accuracy,precision,safe_recall,unsafe_reject,balanced_accuracy,f1,unsafe_landing_rate,TP,FP,FN,TN
Ontology+AI (policy),293,0.829351535836177,1,0.809885931558935,1,0.904942965779468,0.894957983193277,0,213,0,50,30
Threshold baseline,293,0.764505119453925,0.957547169811321,0.771863117870722,0.7,0.735931558935361,0.854736842105263,0.3,203,9,60,21
