scenario_id,mean_wind_speed,max_wind_speed,wind_velocity_x,wind_velocity_y,wind_velocity,wind_acceleration_x,wind_acceleration_y,wind_acceleration,wind_body_force_x,wind_body_force_y,wind_body_force,mean_wind_body_risk,mean_wind_gust_risk,mean_wind_risk_raw,min_thrust_margin_n,mean_abs_roll_deg,mean_abs_pitch_deg,mean_abs_vz,max_abs_vz,mean_tag_error,max_tag_error,stability_std_z,stability_std_vz,mean_imu_ang_vel,max_imu_ang_vel,mean_imu_lin_acc,max_imu_lin_acc,wind_speed_cmd,wind_dir_cmd,hover_height_cmd,gt_safe_to_land,label,success,onto_wind_condition,onto_gust,onto_temporal_pattern,onto_drone_state,onto_tag_observation
1,2.03443955158701,2.7059497833252,-1.25253090288016,-1.5857575236478,2.03443955158701,-0.0559303858026718,0.0175453628607816,0.0586178114053417,-0.0846070952654217,-0.132148222888599,0.160570921985117,0.0103560227370082,0.123402671361555,0.126058940609104,15.4556771365789,0.8330642491271,0.854474705231653,0.176056851101973,0.24027849148217,0.120612847656046,0.421665817400773,0.159550040093211,0.0383396686659765,NaN,NaN,NaN,NaN,2.0716688985117,-127.374480982322,2.31472368639318,stable,stable,1,0.567729001878356,0.161836400898738,0.181954667166278,0.898712339807623,0.346394289930646
