scenario_id,mean_wind_speed,max_wind_speed,wind_velocity_x,wind_velocity_y,wind_velocity,wind_acceleration_x,wind_acceleration_y,wind_acceleration,wind_body_force_x,wind_body_force_y,wind_body_force,mean_wind_body_risk,mean_wind_gust_risk,mean_wind_risk_raw,min_thrust_margin_n,mean_abs_roll_deg,mean_abs_pitch_deg,mean_abs_vz,max_abs_vz,mean_tag_error,max_tag_error,stability_std_z,stability_std_vz,mean_imu_ang_vel,max_imu_ang_vel,mean_imu_lin_acc,max_imu_lin_acc,wind_speed_cmd,wind_dir_cmd,hover_height_cmd,gt_safe_to_land,label,success,onto_wind_condition,onto_gust,onto_temporal_pattern,onto_drone_state,onto_tag_observation
1,2.02494596618496,2.70336008071899,-1.24433479771662,-1.58025245804124,2.02494596618496,-0.0473324773002838,0.0103755404884487,0.0484563230941981,-0.083770625851381,-0.131423261871333,0.159488816280263,0.0102875810499031,0.124085275732558,0.126723515914491,15.4479258300548,0.869899048984873,1.04238378819556,0.176211125856045,0.240276763874077,0.125521805348954,0.411319449785144,0.159445680168564,0.0365988837944774,NaN,NaN,NaN,NaN,2.0716688985117,-127.374480982322,2.31472368639318,stable,stable,1,0.565330294165553,0.161526835004095,0.181089532760215,0.896869357636988,0.34421253095602
2,2.30421004215876,3,-1.39215123326122,-1.79747970617895,2.30421004215876,0.0102354065010656,0.00617343733939264,0.0119530278517815,-0.110288126944179,-0.175043889807255,0.216215660834255,0.0139560457885601,0.226308553186128,0.228089371530027,15.4544378581251,1.60652327010113,1.58543739817059,0.0377340913216464,0.0517376699231835,0.118712194328085,0.442391444620935,0.0212460340313463,0.00389116254973444,NaN,NaN,NaN,NaN,2.42882567996652,-126.095851442396,1.57120630545374,stable,stable,1,0.660073885548342,0.158744128953772,0.106104127363876,0.956053263374185,0.347239024743073
3,1.81176232723963,2.45742058753967,-1.11999222758348,-1.41026469117717,1.81176232723963,-0.0298129262342228,0.024292675418525,0.0384570494140804,-0.0680301838470205,-0.106679533221574,0.129168197916658,0.00833319905110878,0.132999558087259,0.135049341914579,15.437969474455,1.01067205727566,1.1057012864442,0.176430111527228,0.240262194580606,0.194809234721529,0.453092713021851,0.156623673068862,0.0410211432947693,NaN,NaN,NaN,NaN,1.87319628751653,-127.297520073929,1.59833864626127,stable,stable,1,0.510146488980149,0.152323567626758,0.17592144131991,0.89515629653573,0.313418117901543
