method,n_valid,accuracy,precision,safe_recall,unsafe_reject,balanced_accuracy,f1,unsafe_landing_rate,TP,FP,FN,TN
Ontology+AI (policy),1501,0.818787475016656,0.992647058823529,0.803571428571429,0.949044585987261,0.876308007279345,0.888157894736842,0.0509554140127389,1080,8,264,149
Threshold baseline,1501,0.742171885409727,0.934604904632153,0.765625,0.54140127388535,0.653513136942675,0.841717791411043,0.45859872611465,1029,72,315,85
