scenario_id,label,success,failure_reason,hover_height_cmd,landing_height_m,wind_speed_cmd,wind_dir_cmd,mean_wind_speed,max_wind_speed,mean_abs_roll_deg,mean_abs_pitch_deg,mean_abs_vz,max_abs_vz,mean_tag_error,max_tag_error,final_altitude,final_abs_speed,final_abs_roll_deg,final_abs_pitch_deg,final_tag_error,stability_std_z,stability_std_vz,stability_std_vz_osc,touchdown_accel_rms,contact_count,final_state,landing_cmd_time,launch_pid,launch_log,exception_message
1,unstable,0,z_unstable;vz_unstable,1.57622944313505,7.25898810016944e-07,4.15869552477006,39.1598357288675,2.67231554985046,5.0396876335144,1.08061869162282,1.07934417416056,0.134933198942782,4.70072553338362,0.129134447008419,0.208356670198849,7.25898810016944e-07,0.00259506761452834,0.000288023708993024,3.16058008557634e-05,0.0970335754105574,1.04773254031004,1.03660421319675,0.832680674280527,1.49708864354091,0,0,29.924768,1537339,/home/j/INCSL/IICC26_ws/src/sjtu_drone-ros2/matlab/logs/autosim_launch_s001_20260309_163406.log,
2,unstable,0,z_unstable;vz_unstable,1.83711488284416,7.25896552050939e-07,3.56755184378913,92.7534482866821,2.88089097340902,4.62751531600952,1.28714534128079,1.28478735110614,0.149311235411363,4.65101274475338,0.177064721927415,0.350991364955729,7.25896552050939e-07,0.00259506831574126,0.000288022807479339,3.1605717098778e-05,0.0901623218931628,1.15500508308946,1.02952772757938,0.884073490329611,1.48972854103335,0,0,29.893468,1540119,/home/j/INCSL/IICC26_ws/src/sjtu_drone-ros2/matlab/logs/autosim_launch_s002_20260309_163504.log,
3,unstable,0,z_unstable;vz_unstable,2.22382083815633,-8.95428344170556e-10,5.25442646144455,5.31777201792892,3.39991639789782,6.43906307220459,0.268796439910866,2.09402358042385,0.207490614313114,7.03684670545756,0.0946006404631923,0.219202899758495,-8.95428344170556e-10,0.000396398269570207,1.05972756074634e-09,2.22681319739042e-09,0.0593486934074802,1.32702328981073,1.69031413473325,1.10478189559209,2.52531841954564,0,0,29.794194,1542895,/home/j/INCSL/IICC26_ws/src/sjtu_drone-ros2/matlab/logs/autosim_launch_s003_20260309_163602.log,
