scenario_id,label,success,failure_reason,hover_height_cmd,landing_height_m,wind_speed_cmd,wind_dir_cmd,mean_wind_speed,max_wind_speed,mean_abs_roll_deg,mean_abs_pitch_deg,mean_abs_vz,max_abs_vz,mean_tag_error,max_tag_error,final_altitude,final_abs_speed,final_abs_roll_deg,final_abs_pitch_deg,final_tag_error,stability_std_z,stability_std_vz,stability_std_vz_osc,touchdown_accel_rms,contact_count,mean_imu_ang_vel,max_imu_ang_vel,mean_imu_lin_acc,max_imu_lin_acc,max_contact_force,arm_force_fl_mean,arm_force_fr_mean,arm_force_rl_mean,arm_force_rr_mean,arm_force_imbalance,final_state,landing_cmd_time,launch_pid,launch_log,exception_message
1,unstable,0,touchdown_vz_peak_high,2.39080786027064,-8.93658433641837e-10,2.10829265182962,-128.422291701184,1.78425617218018,2.25512790679932,0.238770951512494,1.96148033159249,0.588581140560914,6.78727270657149,0.251602673783532,0.290032889886749,-8.93658433641837e-10,0.000609460697502731,2.76871030688004e-09,4.60567164644618e-10,0.290032889886749,2.48007481087634e-07,0.00055040373465958,1.43325232695491,3.0647749151968,0,NaN,NaN,NaN,NaN,NaN,NaN,NaN,NaN,NaN,NaN,0,4.77049,470354,/home/j/INCSL/IICC26_ws/src/sjtu_drone-ros2/matlab/logs/autosim_launch_s001_20260310_003500.log,
2,stable,1,,2.49299549089685,4.40589875830485e-07,2.42249065072648,-128.797073281137,1.91790447235107,3.19650745391846,0.0195838168821807,0.0022243883473823,0.67461075386457,6.59161043333748,0.200708711447062,0.213631267698331,4.40589875830485e-07,0.00230975166158978,0.000176838611374813,2.30593948885713e-05,0.213631267698331,1.2140771922304e-06,0.00258839593189332,1.40119867053179,3.20682455216514,0,NaN,NaN,NaN,NaN,NaN,NaN,NaN,NaN,NaN,NaN,0,2.457802,477750,/home/j/INCSL/IICC26_ws/src/sjtu_drone-ros2/matlab/logs/autosim_launch_s002_20260310_003546.log,
3,unstable,0,touchdown_vz_peak_high,2.24601321361423,-2.23438377201402e-06,1.98559954341695,-128.885627656433,0.945525228977203,1.91989815235138,0.364551882070059,1.96958831244585,0.677959613614409,6.71652175992003,0.197154922924619,0.216629862971346,-2.23438377201402e-06,0.00296028693926412,0.000873202911793337,9.03323913727295e-05,0.216629862971346,1.37861455796383e-06,0.00275586525213793,1.40090086365025,3.16501587485179,0,NaN,NaN,NaN,NaN,NaN,NaN,NaN,NaN,NaN,NaN,0,2.691564,485123,/home/j/INCSL/IICC26_ws/src/sjtu_drone-ros2/matlab/logs/autosim_launch_s003_20260310_003629.log,
