method,n_valid,accuracy,precision,safe_recall,unsafe_reject,balanced_accuracy,f1,unsafe_landing_rate,TP,FP,FN,TN
Ontology+AI (policy),300,0.953333333333333,0.992307692307692,0.955555555555556,0.933333333333333,0.944444444444444,0.973584905660377,0.0666666666666667,258,2,12,28
Threshold baseline,300,0.733333333333333,0.927927927927928,0.762962962962963,0.466666666666667,0.614814814814815,0.83739837398374,0.533333333333333,206,16,64,14
