scenario_id,mean_wind_speed,max_wind_speed,wind_velocity_x,wind_velocity_y,wind_velocity,wind_acceleration_x,wind_acceleration_y,wind_acceleration,wind_body_force_x,wind_body_force_y,wind_body_force,mean_wind_body_risk,mean_wind_gust_risk,mean_wind_risk_raw,min_thrust_margin_n,mean_abs_roll_deg,mean_abs_pitch_deg,mean_abs_vz,max_abs_vz,mean_tag_error,max_tag_error,stability_std_z,stability_std_vz,mean_imu_ang_vel,max_imu_ang_vel,mean_imu_lin_acc,max_imu_lin_acc,wind_speed_cmd,wind_dir_cmd,hover_height_cmd,gt_safe_to_land,label,success,onto_wind_condition,onto_gust,onto_temporal_pattern,onto_drone_state,onto_tag_observation
1,1.99856552566801,2.76922488212585,-1.24795140527495,-1.5453726660996,1.99856552566801,-0.0556673700859154,0.00455692810181508,0.0558535736189493,-0.0849385861978854,-0.126271634606506,0.155485063462567,0.0100287117363941,0.118055594401225,0.120791794167461,15.4609867950034,0.764178119751361,1.03943938072357,0.172845944486877,0.240259742481425,0.122150327816525,0.397592194599417,0.156640384365233,0.0421641193553316,NaN,NaN,NaN,NaN,2.0716688985117,-127.374480982322,2.31472368639318,stable,stable,1,0.557109165678294,0.183638177033156,0.195133261864966,0.899405747395687,0.345710965414878
