method,n_valid,accuracy,precision,safe_recall,unsafe_reject,balanced_accuracy,f1,unsafe_landing_rate,TP,FP,FN,TN
Ontology+AI (policy),301,0.803986710963455,0.995192307692308,0.781132075471698,0.972222222222222,0.87667714884696,0.875264270613108,0.0277777777777778,207,1,58,35
Threshold baseline,301,0.747508305647841,0.927601809954751,0.773584905660377,0.555555555555556,0.664570230607966,0.843621399176955,0.444444444444444,205,16,60,20
