method,n_valid,accuracy,precision,safe_recall,unsafe_reject,balanced_accuracy,f1,unsafe_landing_rate,TP,FP,FN,TN
Ontology+AI (policy),301,0.770764119601329,0.990243902439024,0.751851851851852,0.935483870967742,0.843667861409797,0.854736842105263,0.0645161290322581,203,2,67,29
Threshold baseline,301,0.750830564784053,0.941176470588235,0.77037037037037,0.580645161290323,0.675507765830347,0.847250509164969,0.419354838709677,208,13,62,18
