method,n_valid,accuracy,precision,safe_recall,unsafe_reject,balanced_accuracy,f1,unsafe_landing_rate,TP,FP,FN,TN
Ontology+AI (policy),337,0.851632047477745,0.851632047477745,1,0,0.5,0.919871794871795,1,287,50,0,0
Threshold baseline,337,0.792284866468843,0.942857142857143,0.804878048780488,0.72,0.762439024390244,0.868421052631579,0.28,231,14,56,36
