method,n_valid,accuracy,precision,safe_recall,unsafe_reject,balanced_accuracy,f1,unsafe_landing_rate,TP,FP,FN,TN
Ontology+AI (policy),301,0.820598006644518,0.995391705069124,0.802973977695167,0.96875,0.885861988847584,0.888888888888889,0.03125,216,1,53,31
Threshold baseline,301,0.757475083056478,0.94954128440367,0.769516728624535,0.65625,0.712883364312268,0.850102669404517,0.34375,207,11,62,21
