method,n_valid,accuracy,precision,safe_recall,unsafe_reject,balanced_accuracy,f1,unsafe_landing_rate,TP,FP,FN,TN
Ontology+AI (policy),600,0.956666666666667,0.994230769230769,0.957407407407407,0.95,0.953703703703704,0.975471698113208,0.05,517,3,23,57
Threshold baseline,600,0.755,0.958041958041958,0.761111111111111,0.7,0.730555555555556,0.848297213622291,0.3,411,18,129,42
