scenario_id,mean_wind_speed,max_wind_speed,wind_velocity_x,wind_velocity_y,wind_velocity,wind_acceleration_x,wind_acceleration_y,wind_acceleration,wind_body_force_x,wind_body_force_y,wind_body_force,mean_wind_body_risk,mean_wind_gust_risk,mean_wind_risk_raw,min_thrust_margin_n,mean_abs_roll_deg,mean_abs_pitch_deg,mean_abs_vz,max_abs_vz,mean_tag_error,max_tag_error,stability_std_z,stability_std_vz,mean_imu_ang_vel,max_imu_ang_vel,mean_imu_lin_acc,max_imu_lin_acc,wind_speed_cmd,wind_dir_cmd,hover_height_cmd,gt_safe_to_land,label,success,onto_wind_condition,onto_gust,onto_temporal_pattern,onto_drone_state,onto_tag_observation
1,2.02576094581967,2.7347686290741,-1.24791342437788,-1.57778504121952,2.02576094581967,-0.0572130834276562,0.0108345081485444,0.0582299191320134,-0.0842296450874017,-0.130880937727921,0.159384057634338,0.010280824706052,0.123160124402702,0.125799353491601,15.4396516274064,1.01172288884623,0.906677454162312,0.1755320622938,0.240280179374031,0.150007550973568,0.36905875556179,0.156676956184164,0.0419965299284819,NaN,NaN,NaN,NaN,2.0716688985117,-127.374480982322,2.31472368639318,stable,stable,1,0.565362789583566,0.170202213906448,0.187026996520925,0.89716082330089,0.333329977345081
