scenario_id,mean_wind_speed,max_wind_speed,wind_velocity_x,wind_velocity_y,wind_velocity,wind_acceleration_x,wind_acceleration_y,wind_acceleration,wind_body_force_x,wind_body_force_y,wind_body_force,mean_wind_body_risk,mean_wind_gust_risk,mean_wind_risk_raw,min_thrust_margin_n,mean_abs_roll_deg,mean_abs_pitch_deg,mean_abs_vz,max_abs_vz,mean_tag_error,max_tag_error,stability_std_z,stability_std_vz,mean_imu_ang_vel,max_imu_ang_vel,mean_imu_lin_acc,max_imu_lin_acc,wind_speed_cmd,wind_dir_cmd,hover_height_cmd,gt_safe_to_land,label,success,onto_wind_condition,onto_gust,onto_temporal_pattern,onto_drone_state,onto_tag_observation
1,2.01796732224575,2.72181868553162,-1.23826940621362,-1.57583497214854,2.01796732224575,-0.0529436691590172,0.0136979043431259,0.0546869699966354,-0.0833336280486047,-0.131713791489974,0.159543718350948,0.0102924821452975,0.127132226728466,0.1296887526928,15.4239942856169,0.956689148939084,1.11298104001003,0.176851979250736,0.24027106876076,0.154477270163672,0.383135394505475,0.156686139304759,0.0390964209607892,NaN,NaN,NaN,NaN,2.0716688985117,-127.374480982322,2.31472368639318,stable,stable,1,0.564062369804093,0.168392501238704,0.184890665228049,0.895312316032889,0.331343435482813
