method,n_valid,accuracy,precision,safe_recall,unsafe_reject,balanced_accuracy,f1,unsafe_landing_rate,TP,FP,FN,TN
Ontology+AI (policy),1000,0.83,0.961139896373057,0.841269841269841,0.745762711864407,0.793516276567124,0.897218863361548,0.254237288135593,742,30,140,88
Threshold baseline,1000,0.746,0.939775910364146,0.760770975056689,0.635593220338983,0.698182097697836,0.840852130325815,0.364406779661017,671,43,211,75
