scenario_id,mean_wind_speed,max_wind_speed,wind_velocity_x,wind_velocity_y,wind_velocity,wind_acceleration_x,wind_acceleration_y,wind_acceleration,wind_body_force_x,wind_body_force_y,wind_body_force,mean_wind_body_risk,mean_wind_gust_risk,mean_wind_risk_raw,min_thrust_margin_n,mean_abs_roll_deg,mean_abs_pitch_deg,mean_abs_vz,max_abs_vz,mean_tag_error,max_tag_error,stability_std_z,stability_std_vz,mean_imu_ang_vel,max_imu_ang_vel,mean_imu_lin_acc,max_imu_lin_acc,wind_speed_cmd,wind_dir_cmd,hover_height_cmd,gt_safe_to_land,label,success,onto_wind_condition,onto_gust,onto_temporal_pattern,onto_drone_state,onto_tag_observation
1,2.03096183789831,2.70241093635559,-1.25050659060652,-1.58262090029075,2.03096183789831,-0.0582409113681993,0.012931116613633,0.059659178119329,-0.0845228000111546,-0.131760845842691,0.160276047555861,0.0103388851548291,0.129636407756221,0.132297805844502,15.4506073312154,0.991701581576482,1.01765868218522,0.176458514620007,0.240296679106016,0.145179688303743,0.395503081706613,0.156608470232204,0.0415080057973265,NaN,NaN,NaN,NaN,2.0716688985117,-127.374480982322,2.31472368639318,stable,stable,1,0.568049384608449,0.162013563141433,0.181905722722443,0.895982912046154,0.335475694087225
2,2.29990484793981,3,-1.38884466627743,-1.79527785299733,2.29990484793981,0.00877919607359127,0.00597704903960606,0.0106207061403852,-0.10927580591601,-0.174480238372028,0.214950463794003,0.0138843711305872,0.228762754159398,0.230418483693315,15.412119246308,1.91613569946787,2.431169932529,0.018572403509916,0.0493268238915696,0.148617255640483,0.467171316360351,0.000146658957222612,0.00723854570664943,NaN,NaN,NaN,NaN,2.42882567996652,-126.095851442396,2.36330248122722,stable,stable,1,0.659391656189279,0.159468538672614,0.0983785034011154,0.956556396850781,0.333947886382008
3,1.77000040586303,2.43030905723572,-1.08710589036556,-1.37549681670106,1.77000040586303,-0.0544917236321565,0.0209491195995857,0.0583799071290891,-0.065419869121571,-0.1024801741853,0.125574253786106,0.00810087801621152,0.141685905129817,0.143721071798756,15.4343289771406,0.949870502749752,1.08777386826298,0.177470944433434,0.240248546227182,0.172434193462622,0.451790818455402,0.15662919516061,0.0410340962266597,NaN,NaN,NaN,NaN,1.87319628751653,-127.297520073929,1.68491561280515,stable,stable,1,0.500744322589892,0.159272429532521,0.180097922883418,0.895254464868183,0.323362580683279
