scenario_id,mean_wind_speed,max_wind_speed,wind_velocity_x,wind_velocity_y,wind_velocity,wind_acceleration_x,wind_acceleration_y,wind_acceleration,wind_body_force_x,wind_body_force_y,wind_body_force,mean_wind_body_risk,mean_wind_gust_risk,mean_wind_risk_raw,min_thrust_margin_n,mean_abs_roll_deg,mean_abs_pitch_deg,mean_abs_vz,max_abs_vz,mean_tag_error,max_tag_error,stability_std_z,stability_std_vz,mean_imu_ang_vel,max_imu_ang_vel,mean_imu_lin_acc,max_imu_lin_acc,wind_speed_cmd,wind_dir_cmd,hover_height_cmd,gt_safe_to_land,label,success,onto_wind_condition,onto_gust,onto_temporal_pattern,onto_drone_state,onto_tag_observation
1,2.03226182412128,2.68456935882568,-1.25171990769079,-1.583804193733,2.03226182412128,-0.051872144481417,0.0120295208673311,0.0532487440734386,-0.0846630287085118,-0.131971925264586,0.160411148551229,0.0103473801430452,0.122107806512539,0.124698814969374,15.408839165495,0.888624353377129,1.01655780595678,0.175804725426249,0.240268867642433,0.11664836809931,0.396009354542831,0.159543678398198,0.0365978261155812,NaN,NaN,NaN,NaN,2.0716688985117,-127.374480982322,2.31472368639318,stable,stable,1,0.566876249426216,0.156531465055288,0.178135480949149,0.897128348892109,0.348156280844751
