scenario_id,mean_wind_speed,max_wind_speed,wind_velocity_x,wind_velocity_y,wind_velocity,wind_acceleration_x,wind_acceleration_y,wind_acceleration,wind_body_force_x,wind_body_force_y,wind_body_force,mean_wind_body_risk,mean_wind_gust_risk,mean_wind_risk_raw,min_thrust_margin_n,mean_abs_roll_deg,mean_abs_pitch_deg,mean_abs_vz,max_abs_vz,mean_tag_error,max_tag_error,stability_std_z,stability_std_vz,mean_imu_ang_vel,max_imu_ang_vel,mean_imu_lin_acc,max_imu_lin_acc,wind_speed_cmd,wind_dir_cmd,hover_height_cmd,gt_safe_to_land,label,success,onto_wind_condition,onto_gust,onto_temporal_pattern,onto_drone_state,onto_tag_observation
1,2.0388993535723,2.67104983329773,-1.25802834252274,-1.58636887142826,2.0388993535723,-0.0576435983178803,0.00991277583781289,0.0584897217624077,-0.0855542286340684,-0.13242104346574,0.161502529133076,0.0104170850561737,0.130727015484243,0.133369156442538,15.4523956842205,0.849172843915596,0.99973010869541,0.175978917755572,0.240248435898548,0.136985554489791,0.403890830680397,0.156702470624762,0.0407970285800197,NaN,NaN,NaN,NaN,2.0716688985117,-127.374480982322,2.31472368639318,stable,stable,1,0.570380325574455,0.152956973594663,0.176255009776699,0.897483446494556,0.339117531337871
