scenario_id,mean_wind_speed,max_wind_speed,wind_velocity_x,wind_velocity_y,wind_velocity,wind_acceleration_x,wind_acceleration_y,wind_acceleration,wind_body_force_x,wind_body_force_y,wind_body_force,mean_wind_body_risk,mean_wind_gust_risk,mean_wind_risk_raw,min_thrust_margin_n,mean_abs_roll_deg,mean_abs_pitch_deg,mean_abs_vz,max_abs_vz,mean_tag_error,max_tag_error,stability_std_z,stability_std_vz,mean_imu_ang_vel,max_imu_ang_vel,mean_imu_lin_acc,max_imu_lin_acc,wind_speed_cmd,wind_dir_cmd,hover_height_cmd,gt_safe_to_land,label,success,onto_wind_condition,onto_gust,onto_temporal_pattern,onto_drone_state,onto_tag_observation
1,2.02842134683311,2.65083575248718,-1.24737877873348,-1.58144707914763,2.02842134683311,-0.0572464020565942,0.0117260717131684,0.0584350178082252,-0.0841854075337375,-0.13171386244212,0.16014755884765,0.0103287600261276,0.130237234664387,0.13286736114772,15.4476878259149,0.837823523396345,0.844898341596317,0.176120010042273,0.240275446276726,0.108107244190287,0.373188789390453,0.159557383502548,0.0378881240058153,NaN,NaN,NaN,NaN,2.0716688985117,-127.374480982322,2.31472368639318,stable,stable,1,0.567485831385039,0.150756327870342,0.175145689028482,0.898718608896778,0.351952335915428
