scenario_id,mean_wind_speed,max_wind_speed,wind_velocity_x,wind_velocity_y,wind_velocity,wind_acceleration_x,wind_acceleration_y,wind_acceleration,wind_body_force_x,wind_body_force_y,wind_body_force,mean_wind_body_risk,mean_wind_gust_risk,mean_wind_risk_raw,min_thrust_margin_n,mean_abs_roll_deg,mean_abs_pitch_deg,mean_abs_vz,max_abs_vz,mean_tag_error,max_tag_error,stability_std_z,stability_std_vz,mean_imu_ang_vel,max_imu_ang_vel,mean_imu_lin_acc,max_imu_lin_acc,wind_speed_cmd,wind_dir_cmd,hover_height_cmd,gt_safe_to_land,label,success,onto_wind_condition,onto_gust,onto_temporal_pattern,onto_drone_state,onto_tag_observation
1,2.02803127977946,2.69505333900452,-1.2472431222619,-1.58157683331634,2.02803127977946,-0.0508536863562313,0.0104431022422986,0.0519148899686887,-0.0838725042216491,-0.131651455277404,0.159774224823441,0.0103087013281744,0.126533701592823,0.129178720115028,15.3970813383185,1.09232418335538,1.13915498509932,0.176624024207524,0.24026404488877,0.15390017350979,0.467358266505069,0.159539540995299,0.0374470885947403,NaN,NaN,NaN,NaN,2.0716688985117,-127.374480982322,2.31472368639318,stable,stable,1,0.566644085297528,0.159597693153231,0.180282201681876,0.894154937286951,0.331599922884538
2,2.30073145548503,3,-1.3915440423207,-1.79443352660103,2.30073145548503,0.00691528167984717,0.00637374208309579,0.00940455787655412,-0.109662549445241,-0.174485299034122,0.215157096855613,0.0139061739041435,0.228152971571149,0.22979066219837,15.3840179366155,2.69562069033031,2.43966254219573,0.017289465413415,0.0785804873012692,0.166800206041548,0.494220304256975,4.10361086434103e-07,0.00719585068578369,NaN,NaN,NaN,NaN,2.42882567996652,-126.095851442396,2.43992348566846,stable,stable,1,0.659486520569014,0.159059591459904,0.0980526102352962,0.951006613323445,0.925866575092645
3,1.77534018568441,2.63337826728821,-1.08971572460738,-1.37194964156569,1.77534018568441,-0.0692904710666805,0.0186298965840217,0.0717512538383395,-0.0678229465909859,-0.10385551275098,0.129696918312086,0.00836508722093021,0.177227497447914,0.179304322012515,15.4526102898652,0.779707414461796,0.930579270264905,0.177460873430335,0.240261163320408,0.143010557344345,0.407415704307073,0.159473345683066,0.0363765027919365,NaN,NaN,NaN,NaN,1.87319628751653,-127.297520073929,2.07338556431012,stable,stable,1,0.509284913918346,0.206212964897883,0.207832640661605,0.897831596476266,0.336439752291402
