method,n_valid,accuracy,precision,safe_recall,unsafe_reject,balanced_accuracy,f1,unsafe_landing_rate,TP,FP,FN,TN
Ontology+AI (policy),1501,0.808127914723518,0.992537313432836,0.791666666666667,0.949044585987261,0.870355626326964,0.880794701986755,0.0509554140127389,1064,8,280,149
Threshold baseline,1501,0.736175882744837,0.934065934065934,0.758928571428571,0.54140127388535,0.650164922656961,0.83743842364532,0.45859872611465,1020,72,324,85
