method,n_valid,accuracy,precision,safe_recall,unsafe_reject,balanced_accuracy,f1,unsafe_landing_rate,TP,FP,FN,TN
Ontology+AI (policy),1000,0.833,0.961340206185567,0.84484711211778,0.743589743589744,0.794218427853762,0.899336949969861,0.256410256410256,746,30,137,87
Threshold baseline,1000,0.746,0.94109396914446,0.759909399773499,0.641025641025641,0.70046752039957,0.840852130325815,0.358974358974359,671,42,212,75
