scenario_id,mean_wind_speed,max_wind_speed,wind_velocity_x,wind_velocity_y,wind_velocity,wind_acceleration_x,wind_acceleration_y,wind_acceleration,wind_body_force_x,wind_body_force_y,wind_body_force,mean_wind_body_risk,mean_wind_gust_risk,mean_wind_risk_raw,min_thrust_margin_n,mean_abs_roll_deg,mean_abs_pitch_deg,mean_abs_vz,max_abs_vz,mean_tag_error,max_tag_error,stability_std_z,stability_std_vz,mean_imu_ang_vel,max_imu_ang_vel,mean_imu_lin_acc,max_imu_lin_acc,wind_speed_cmd,wind_dir_cmd,hover_height_cmd,gt_safe_to_land,label,success,onto_wind_condition,onto_gust,onto_temporal_pattern,onto_drone_state,onto_tag_observation
1,2.0306077003479,2.648686170578,-1.25459168907817,-1.57923862067061,2.0306077003479,-0.0562907735118226,0.01250987127138,0.0576640968175676,-0.0851984396840067,-0.131173987593777,0.160095788973602,0.0103268781329104,0.125042864004041,0.127625816777978,15.4513614650824,0.956555382168274,1.00773631372731,0.176526218412879,0.24028988643951,0.14316253257886,0.358715104511784,0.156705927867545,0.0399381842306818,NaN,NaN,NaN,NaN,2.0716688985117,-127.374480982322,2.31472368639318,stable,stable,1,0.567020550115036,0.149639406884994,0.173953699267123,0.896303170325809,0.336372207742729
2,2.30066950758298,3,-1.39034838215197,-1.79502473518063,2.30066950758298,0.00746622223035366,0.00561206293312009,0.00934022080886355,-0.109532380214725,-0.174471409170193,0.215111877855168,0.0138757445886666,0.228046891975993,0.229710400746814,15.4624495975207,1.01671574608182,1.14520231372933,0.0351289320401477,0.0554973136258791,0.0809582216403462,0.468040024784246,0.0258710964007837,0.00601872736546718,NaN,NaN,NaN,NaN,2.42882567996652,-126.095851442396,1.59133896787116,stable,stable,1,0.659453948838158,0.159061734608787,0.109123933965184,0.965449034938553,0.364018568159846
3,1.80986481945531,2.62758350372314,-1.11867454155071,-1.40691024419204,1.80986481945531,-0.0360162760691906,0.0205114809972155,0.0414474727165757,-0.0681918040951152,-0.105205922378213,0.128430764184907,0.00828295139885551,0.128742615897816,0.130855643541044,15.4625263878322,0.778465887280815,0.871440270908343,0.177306530472328,0.240222627713689,0.137312246389524,0.420051594254985,0.159450931023949,0.0381923807334095,NaN,NaN,NaN,NaN,1.87319628751653,-127.297520073929,1.98465793084258,stable,stable,1,0.508801747229625,0.191585407291635,0.199706463278582,0.898383186378064,0.338972334937989
