wind_threshold,tag_error_threshold,roll_threshold_deg,pitch_threshold_deg
3.35783636569977,0.840492125100343,2.15333872865081,1.92669893366394
