scenario_id,mean_wind_speed,max_wind_speed,wind_velocity_x,wind_velocity_y,wind_velocity,wind_acceleration_x,wind_acceleration_y,wind_acceleration,wind_body_force_x,wind_body_force_y,wind_body_force,mean_wind_body_risk,mean_wind_gust_risk,mean_wind_risk_raw,min_thrust_margin_n,mean_abs_roll_deg,mean_abs_pitch_deg,mean_abs_vz,max_abs_vz,mean_tag_error,max_tag_error,stability_std_z,stability_std_vz,mean_imu_ang_vel,max_imu_ang_vel,mean_imu_lin_acc,max_imu_lin_acc,wind_speed_cmd,wind_dir_cmd,hover_height_cmd,gt_safe_to_land,label,success,onto_wind_condition,onto_gust,onto_temporal_pattern,onto_drone_state,onto_tag_observation
1,2.03264617838827,2.66735124588013,-1.24749195859041,-1.58663507427987,2.03264617838827,-0.0566396671773407,0.0116203815390483,0.0578194185812429,-0.084223754067137,-0.132606778741965,0.160911264436071,0.0103799536708064,0.125877736123182,0.128505310550358,15.4372410249982,0.969997323397726,1.06297491101925,0.17586145370547,0.240307767645985,0.150054353874452,0.437276518547511,0.156679017012545,0.0425323396791805,NaN,NaN,NaN,NaN,2.0716688985117,-127.374480982322,2.31472368639318,stable,stable,1,0.56774004301361,0.153408866925562,0.177146744165463,0.896095919876846,0.333309176055799
