scenario_id,mean_wind_speed,max_wind_speed,wind_velocity_x,wind_velocity_y,wind_velocity,wind_acceleration_x,wind_acceleration_y,wind_acceleration,wind_body_force_x,wind_body_force_y,wind_body_force,mean_wind_body_risk,mean_wind_gust_risk,mean_wind_risk_raw,min_thrust_margin_n,mean_abs_roll_deg,mean_abs_pitch_deg,mean_abs_vz,max_abs_vz,mean_tag_error,max_tag_error,stability_std_z,stability_std_vz,mean_imu_ang_vel,max_imu_ang_vel,mean_imu_lin_acc,max_imu_lin_acc,wind_speed_cmd,wind_dir_cmd,hover_height_cmd,gt_safe_to_land,label,success,onto_wind_condition,onto_gust,onto_temporal_pattern,onto_drone_state,onto_tag_observation
1,NaN,NaN,NaN,NaN,NaN,0,0,0,NaN,NaN,NaN,NaN,NaN,NaN,NaN,NaN,NaN,NaN,NaN,NaN,NaN,NaN,NaN,NaN,NaN,NaN,NaN,2.0716688985117,-127.374480982322,2.31472368639318,unstable,unstable,0,0,0,0,1,1
2,2.32537090420723,3,-1.40515393474932,-1.81353062316298,2.32537090420723,0.0125112242849438,0.00452784679549818,0.0133053421493651,-0.112235176898349,-0.177665216941868,0.219683605428987,0.0141908925336215,0.231269106865883,0.233008848006939,15.401765411625,2.3418512669184,1.99803351004918,0.0246679738493166,0.0569256452050466,0.144444889503178,0.401719471325939,0.000139750864646862,0.00379067981347174,NaN,NaN,NaN,NaN,2.42882567996652,-126.095851442396,2.10387515459019,stable,stable,1,0.666700677389982,0.154230859280757,0.0939790560869334,0.953566918399168,0.335802271331921
3,1.78528517484665,2.55695295333862,-1.10245650789567,-1.38252418992803,1.78528517484665,-0.0492591611238685,0.0184201353654857,0.0525905537288785,-0.067129330947841,-0.102676496962743,0.126802135055428,0.00817784271047415,0.140261999267083,0.142476671047385,15.4671631334764,0.743016138189261,0.864141200306642,0.179775080163028,0.240247339174201,0.131651002287568,0.402226386246458,0.159424311921395,0.0357759346111075,NaN,NaN,NaN,NaN,1.87319628751653,-127.297520073929,1.89864436657567,stable,stable,1,0.50457138083525,0.183266851677655,0.193824791517111,0.897484795116018,0.341488443427747
