scenario_id,mean_wind_speed,max_wind_speed,wind_velocity_x,wind_velocity_y,wind_velocity,wind_acceleration_x,wind_acceleration_y,wind_acceleration,wind_body_force_x,wind_body_force_y,wind_body_force,mean_wind_body_risk,mean_wind_gust_risk,mean_wind_risk_raw,min_thrust_margin_n,mean_abs_roll_deg,mean_abs_pitch_deg,mean_abs_vz,max_abs_vz,mean_tag_error,max_tag_error,stability_std_z,stability_std_vz,mean_imu_ang_vel,max_imu_ang_vel,mean_imu_lin_acc,max_imu_lin_acc,wind_speed_cmd,wind_dir_cmd,hover_height_cmd,gt_safe_to_land,label,success,onto_wind_condition,onto_gust,onto_temporal_pattern,onto_drone_state,onto_tag_observation
1,2.02618783996219,2.67074680328369,-1.24737745079177,-1.57880664666355,2.02618783996219,-0.0544647835176943,0.00939944211006145,0.0552699028007983,-0.0843050087735125,-0.131346387689057,0.159835730720309,0.0103088383380385,0.128528620782422,0.131152776461743,15.4505660980223,0.783286555255751,0.955610563017593,0.17546031316137,0.24026420171012,0.120354028390033,0.421275617916622,0.156704019296648,0.0400081692895696,NaN,NaN,NaN,NaN,2.0716688985117,-127.374480982322,2.31472368639318,stable,stable,1,0.566547312615598,0.155158582260818,0.177289805351208,0.898607080347167,0.346509320715541
