method,n_valid,accuracy,precision,safe_recall,unsafe_reject,balanced_accuracy,f1,unsafe_landing_rate,TP,FP,FN,TN
Ontology+AI (policy),600,0.94,0.994117647058824,0.938888888888889,0.95,0.944444444444444,0.965714285714286,0.05,507,3,33,57
Threshold baseline,600,0.738333333333333,0.942263279445728,0.755555555555556,0.583333333333333,0.669444444444445,0.838643371017472,0.416666666666667,408,25,132,35
