method,n_valid,accuracy,precision,safe_recall,unsafe_reject,balanced_accuracy,f1,unsafe_landing_rate,TP,FP,FN,TN
Ontology+AI (policy),1000,0.936,0.959550561797753,0.968253968253968,0.694915254237288,0.831584611245628,0.963882618510158,0.305084745762712,854,36,28,82
Threshold baseline,1000,0.745,0.939691444600281,0.759637188208617,0.635593220338983,0.6976152042738,0.84012539184953,0.364406779661017,670,43,212,75
