method,n_valid,accuracy,precision,safe_recall,unsafe_reject,balanced_accuracy,f1,unsafe_landing_rate,TP,FP,FN,TN
Ontology+AI (policy),1193,0.839899413243923,0.9921875,0.82851817334576,0.941666666666667,0.885092420006213,0.902996444895886,0.0583333333333333,889,7,184,113
Threshold baseline,1193,0.756077116512992,0.955710955710956,0.764212488350419,0.683333333333333,0.723772910841876,0.849300880372864,0.316666666666667,820,38,253,82
