method,n_valid,accuracy,precision,safe_recall,unsafe_reject,balanced_accuracy,f1,unsafe_landing_rate,TP,FP,FN,TN
Ontology+AI (policy),340,0.817647058823529,0.928301886792453,0.85121107266436,0.627450980392157,0.739331026528258,0.888086642599278,0.372549019607843,246,19,43,32
Threshold baseline,340,0.785294117647059,0.932,0.806228373702422,0.666666666666667,0.736447520184544,0.86456400742115,0.333333333333333,233,17,56,34
