scenario_id,mean_wind_speed,max_wind_speed,wind_velocity_x,wind_velocity_y,wind_velocity,wind_acceleration_x,wind_acceleration_y,wind_acceleration,wind_body_force_x,wind_body_force_y,wind_body_force,mean_wind_body_risk,mean_wind_gust_risk,mean_wind_risk_raw,min_thrust_margin_n,mean_abs_roll_deg,mean_abs_pitch_deg,mean_abs_vz,max_abs_vz,mean_tag_error,max_tag_error,stability_std_z,stability_std_vz,mean_imu_ang_vel,max_imu_ang_vel,mean_imu_lin_acc,max_imu_lin_acc,wind_speed_cmd,wind_dir_cmd,hover_height_cmd,gt_safe_to_land,label,success,onto_wind_condition,onto_gust,onto_temporal_pattern,onto_drone_state,onto_tag_observation
1,2.00046720796702,2.72131562232971,-1.23218509998319,-1.55799811390077,2.00046720796702,-0.0591088611983695,0.0111769642558818,0.0601563130697467,-0.0832933717749421,-0.129449862054061,0.157705402214584,0.0101731335876772,0.127351558041457,0.129938733470894,15.4013859220625,1.01507226238287,0.978398991723748,0.176319787531799,0.240277255917578,0.123948403926805,0.442186603472577,0.156705075687534,0.0398730296904862,NaN,NaN,NaN,NaN,2.0716688985117,-127.374480982322,2.31472368639318,stable,stable,1,0.559445668818717,0.173219550627726,0.188077714206019,0.896177117808977,0.344911820476976
