method,n_valid,accuracy,precision,safe_recall,unsafe_reject,balanced_accuracy,f1,unsafe_landing_rate,TP,FP,FN,TN
Ontology+AI (policy),600,0.956666666666667,0.988593155893536,0.962962962962963,0.9,0.931481481481481,0.975609756097561,0.1,520,6,20,54
Threshold baseline,600,0.73,0.931506849315068,0.755555555555556,0.5,0.627777777777778,0.834355828220859,0.5,408,30,132,30
