method,n_valid,accuracy,precision,safe_recall,unsafe_reject,balanced_accuracy,f1,unsafe_landing_rate,TP,FP,FN,TN
Ontology+AI (policy),301,0.803986710963455,0.995283018867924,0.784386617100372,0.96875,0.876568308550186,0.877338877338877,0.03125,211,1,58,31
Threshold baseline,301,0.764119601328904,0.954128440366973,0.773234200743494,0.6875,0.730367100371747,0.854209445585216,0.3125,208,10,61,22
