method,n_valid,accuracy,precision,safe_recall,unsafe_reject,balanced_accuracy,f1,unsafe_landing_rate,TP,FP,FN,TN
Ontology+AI (policy),1000,0.821,0.960681520314548,0.831065759637188,0.745762711864407,0.788414235750797,0.891185410334347,0.254237288135593,733,30,149,88
Threshold baseline,1000,0.745,0.939691444600281,0.759637188208617,0.635593220338983,0.6976152042738,0.84012539184953,0.364406779661017,670,43,212,75
