method,n_valid,accuracy,precision,safe_recall,unsafe_reject,balanced_accuracy,f1,unsafe_landing_rate,TP,FP,FN,TN
Ontology+AI (policy),203,0.896551724137931,0.896551724137931,1,0,0.5,0.945454545454545,1,182,21,0,0
Threshold baseline,203,0.778325123152709,0.947712418300654,0.796703296703297,0.619047619047619,0.707875457875458,0.865671641791045,0.380952380952381,145,8,37,13
