scenario_id,mean_wind_speed,max_wind_speed,wind_velocity_x,wind_velocity_y,wind_velocity,wind_acceleration_x,wind_acceleration_y,wind_acceleration,wind_body_force_x,wind_body_force_y,wind_body_force,mean_wind_body_risk,mean_wind_gust_risk,mean_wind_risk_raw,min_thrust_margin_n,mean_abs_roll_deg,mean_abs_pitch_deg,mean_abs_vz,max_abs_vz,mean_tag_error,max_tag_error,stability_std_z,stability_std_vz,mean_imu_ang_vel,max_imu_ang_vel,mean_imu_lin_acc,max_imu_lin_acc,wind_speed_cmd,wind_dir_cmd,hover_height_cmd,gt_safe_to_land,label,success,onto_wind_condition,onto_gust,onto_temporal_pattern,onto_drone_state,onto_tag_observation
1,2.03877635959054,2.79401588439941,-1.25486490189298,-1.58959886319569,2.03877635959054,-0.0576060005608951,0.00341029888088177,0.057706857816717,-0.0851683478830684,-0.133204873072402,0.161740350618116,0.0104308073199052,0.129288023503014,0.131908884821654,15.4476764774437,0.776859237713045,0.859210814217633,0.176597986901395,0.240304663229256,0.0996157042759336,0.431724982153355,0.156701285648836,0.0415559615641897,NaN,NaN,NaN,NaN,2.0716688985117,-127.374480982322,2.31472368639318,stable,stable,1,0.570055472855142,0.180508483681727,0.193061364803578,0.89884617042699,0.355726353655141
2,2.30110516707102,3,-1.3925324087966,-1.79424453521793,2.30110516707102,0.00749123983768471,0.0074868579501341,0.0105911149682741,-0.109852601363953,-0.174507675394348,0.215267175831875,0.0138912029322382,0.230864645171918,0.232502530286353,15.4451940902756,1.46304407639577,1.6107086920683,0.0236610278264041,0.0574799383595478,0.109094679266731,0.467308206712035,0.000224655072529706,0.00450315444828283,NaN,NaN,NaN,NaN,2.42882567996652,-126.095851442396,2.12251786737606,stable,stable,1,0.660128550609544,0.15919304181987,0.0972531824992904,0.964018571477437,0.351513475881453
3,1.77477770802137,2.70188903808594,-1.09431155370841,-1.36933014816796,1.77477770802137,-0.0649058738273675,0.0206345211045618,0.0681069447157098,-0.0683781253008277,-0.103442186942519,0.129360750497177,0.00834341939564543,0.177360003954377,0.179469196946484,15.4560835887589,0.729034817297107,0.969522543318815,0.175873640269895,0.240237063513285,0.152353118331382,0.423947576487274,0.156639146918566,0.0415986055966197,NaN,NaN,NaN,NaN,1.87319628751653,-127.297520073929,1.62707830715972,stable,stable,1,0.509167894861662,0.221086322462408,0.217395957779416,0.898717372031642,0.33228750296383
