method,n_valid,accuracy,precision,safe_recall,unsafe_reject,balanced_accuracy,f1,unsafe_landing_rate,TP,FP,FN,TN
Ontology+AI (policy),1501,0.800799467021985,0.991541353383459,0.784386617100372,0.942307692307692,0.863347154704032,0.875882108758821,0.0576923076923077,1055,9,290,147
Threshold baseline,1501,0.7381745502998,0.928057553956835,0.76728624535316,0.487179487179487,0.627232866266323,0.84004884004884,0.512820512820513,1032,80,313,76
