scenario_id,mean_wind_speed,max_wind_speed,wind_velocity_x,wind_velocity_y,wind_velocity,wind_acceleration_x,wind_acceleration_y,wind_acceleration,wind_body_force_x,wind_body_force_y,wind_body_force,mean_wind_body_risk,mean_wind_gust_risk,mean_wind_risk_raw,min_thrust_margin_n,mean_abs_roll_deg,mean_abs_pitch_deg,mean_abs_vz,max_abs_vz,mean_tag_error,max_tag_error,stability_std_z,stability_std_vz,mean_imu_ang_vel,max_imu_ang_vel,mean_imu_lin_acc,max_imu_lin_acc,wind_speed_cmd,wind_dir_cmd,hover_height_cmd,gt_safe_to_land,label,success,onto_wind_condition,onto_gust,onto_temporal_pattern,onto_drone_state,onto_tag_observation
1,NaN,NaN,NaN,NaN,NaN,0,0,0,NaN,NaN,NaN,NaN,NaN,NaN,NaN,NaN,NaN,NaN,NaN,NaN,NaN,NaN,NaN,NaN,NaN,NaN,NaN,2.0716688985117,-127.374480982322,2.31472368639318,unstable,unstable,0,0,0,0,1,1
2,2.32216781338056,3,-1.40307249741465,-1.81143268583991,2.32216781338056,0.0112592319967949,0.00390733380955362,0.0119179512776706,-0.11189016196453,-0.17733559666569,0.219139311503812,0.0141482319695655,0.229448203416462,0.231181805697774,15.4277876011124,1.86461769252888,1.82025153996053,0.0237008737653581,0.0569256452050464,0.117983172171392,0.374595824834905,0.00021237204819687,0.00636023400439558,NaN,NaN,NaN,NaN,2.42882567996652,-126.095851442396,2.10387515459019,stable,stable,1,0.665481111374371,0.154697199723614,0.0952255197763794,0.959197019147761,0.347563034590493
3,1.7655974761264,2.63269090652466,-1.08759902936658,-1.36011344737302,1.7655974761264,-0.064451467806212,0.0145837043516562,0.0660808303140305,-0.0684641206473755,-0.102129801297151,0.12897105375954,0.00831671645748761,0.174237348873991,0.176464764214197,15.4695618352722,0.713808380631508,0.712071472471944,0.179190053465172,0.240284466832483,0.107725380687356,0.400058531270511,0.159495196992982,0.0354413956105753,NaN,NaN,NaN,NaN,1.87319628751653,-127.297520073929,1.56923292103871,stable,stable,1,0.506118946476545,0.207210840730515,0.208101038879439,0.899201631564458,0.352122053027842
