scenario_id,mean_wind_speed,max_wind_speed,wind_velocity_x,wind_velocity_y,wind_velocity,wind_acceleration_x,wind_acceleration_y,wind_acceleration,wind_body_force_x,wind_body_force_y,wind_body_force,mean_wind_body_risk,mean_wind_gust_risk,mean_wind_risk_raw,min_thrust_margin_n,mean_abs_roll_deg,mean_abs_pitch_deg,mean_abs_vz,max_abs_vz,mean_tag_error,max_tag_error,stability_std_z,stability_std_vz,mean_imu_ang_vel,max_imu_ang_vel,mean_imu_lin_acc,max_imu_lin_acc,wind_speed_cmd,wind_dir_cmd,hover_height_cmd,gt_safe_to_land,label,success,onto_wind_condition,onto_gust,onto_temporal_pattern,onto_drone_state,onto_tag_observation
1,NaN,NaN,NaN,NaN,NaN,0,0,0,NaN,NaN,NaN,NaN,NaN,NaN,NaN,NaN,NaN,NaN,NaN,NaN,NaN,NaN,NaN,NaN,NaN,NaN,NaN,2.0716688985117,-127.374480982322,2.31472368639318,unstable,unstable,0,0,0,0,1,1
2,NaN,NaN,NaN,NaN,NaN,0,0,0,NaN,NaN,NaN,NaN,NaN,NaN,NaN,NaN,NaN,NaN,NaN,NaN,NaN,NaN,NaN,NaN,NaN,NaN,NaN,2.42882567996652,-126.095851442396,2.10387515459019,unstable,unstable,0,0,0,0,1,1
3,1.78912434888923,2.56856155395508,-1.07856216625426,-1.4070163101511,1.78912434888923,-0.0131531882380502,0.00630767798819151,0.0145874316597644,-0.0643093028450969,-0.107463660856555,0.12916222360884,0.00833028482560642,0.14287847695326,0.145117759564105,15.457084763295,0.705441601126936,0.949411144924925,0.172829694851431,0.240245051886244,0.128479481497797,0.398924090900693,0.156593052024394,0.0423462061566123,NaN,NaN,NaN,NaN,1.87319628751653,-127.297520073929,2.02651962562808,stable,stable,1,0.506123378283281,0.178047733610773,0.191824172597892,0.90058273814102,0.342898008223201
4,2.34015250460231,3,-0.685000709724379,-2.20316935791282,2.34015250460231,-0.0159393045446083,0.0105414349123412,0.0191097692130726,-0.034862625762368,-0.267333653514276,0.271613064960389,0.0175248874544547,0.239323561173118,0.240815271247856,15.4392985325841,1.37764324172389,1.24362461389488,0.0592352843803952,0.240476087282967,0.112547014847255,0.40892442947739,0.00193033608916286,0.00659204179886457,NaN,NaN,NaN,NaN,2.46779887999601,-105.553838771394,2.15410262939127,unstable,unstable,0,0.672203722143522,0.151969144153542,0.0944365197515425,0.949786681801369,0.349979104512331
