method,n_valid,accuracy,precision,safe_recall,unsafe_reject,balanced_accuracy,f1,unsafe_landing_rate,TP,FP,FN,TN
Ontology+AI (policy),1000,0.817,0.994342291371994,0.797052154195011,0.966101694915254,0.881576924555133,0.884833228445563,0.0338983050847458,703,4,179,114
Threshold baseline,1000,0.745,0.939691444600281,0.759637188208617,0.635593220338983,0.6976152042738,0.84012539184953,0.364406779661017,670,43,212,75
