scenario_id,mean_wind_speed,max_wind_speed,wind_velocity_x,wind_velocity_y,wind_velocity,wind_acceleration_x,wind_acceleration_y,wind_acceleration,wind_body_force_x,wind_body_force_y,wind_body_force,mean_wind_body_risk,mean_wind_gust_risk,mean_wind_risk_raw,min_thrust_margin_n,mean_abs_roll_deg,mean_abs_pitch_deg,mean_abs_vz,max_abs_vz,mean_tag_error,max_tag_error,stability_std_z,stability_std_vz,mean_imu_ang_vel,max_imu_ang_vel,mean_imu_lin_acc,max_imu_lin_acc,wind_speed_cmd,wind_dir_cmd,hover_height_cmd,gt_safe_to_land,label,success,onto_wind_condition,onto_gust,onto_temporal_pattern,onto_drone_state,onto_tag_observation
1,2.01381180075561,2.70337963104248,-1.23912778076107,-1.56940902370695,2.01381180075561,-0.0591408718443415,0.00765213816496184,0.0596338657224608,-0.083847114282612,-0.130593144712377,0.158984118335829,0.0102555702048621,0.126983907690595,0.129543556503935,15.4414721763385,0.937163763367524,1.04123348877945,0.175785374380757,0.240259605008507,0.139613241496294,0.405033217324101,0.156665962444016,0.0411073726729154,NaN,NaN,NaN,NaN,2.0716688985117,-127.374480982322,2.31472368639318,stable,stable,1,0.562925191502283,0.166085637196997,0.184228834477407,0.896562762971324,0.337949670446091
2,2.29962563514709,2.29962563514709,-1.62522017977841,-1.62694112649066,2.29962563514709,-1.43586380559624e-17,-1.51240308036877e-17,2.08544190658245e-17,-0.133470243849102,-0.133753056962527,0.188955513917852,0.0121829995507901,2.05970413061713e-16,0.0121829995507901,15.5097694233764,0.410979870160357,0.470144407878567,0.0212792327330467,0.0212792327330467,NaN,NaN,0,1.41762690046634e-17,NaN,NaN,NaN,NaN,2.42882567996652,-126.095851442396,2.29562827713516,stable,stable,1,0.61567010261605,3.82331016206782e-18,7.4489930080274e-18,0.982437264306028,0.4
