method,n_valid,accuracy,precision,safe_recall,unsafe_reject,balanced_accuracy,f1,unsafe_landing_rate,TP,FP,FN,TN
Ontology+AI (policy),301,0.81063122923588,0.995327102803738,0.79182156133829,0.96875,0.880285780669145,0.881987577639752,0.03125,213,1,56,31
Threshold baseline,301,0.744186046511628,0.940366972477064,0.762081784386617,0.59375,0.677915892193309,0.841889117043121,0.40625,205,13,64,19
