wind_threshold,tag_error_threshold,roll_threshold_deg,pitch_threshold_deg
3.74843258857727,0.576090996097782,1.92446242555511,1.74047730836048
