method,n_valid,accuracy,precision,safe_recall,unsafe_reject,balanced_accuracy,f1,unsafe_landing_rate,TP,FP,FN,TN
Ontology+AI (policy),301,0.843853820598007,0.991111111111111,0.832089552238806,0.939393939393939,0.885741745816373,0.904665314401623,0.0606060606060606,223,2,45,31
Threshold baseline,301,0.744186046511628,0.948356807511737,0.753731343283582,0.666666666666667,0.710199004975124,0.83991683991684,0.333333333333333,202,11,66,22
