method,n_valid,accuracy,precision,safe_recall,unsafe_reject,balanced_accuracy,f1,unsafe_landing_rate,TP,FP,FN,TN
Ontology+AI (policy),600,0.953333333333333,0.994208494208494,0.953703703703704,0.95,0.951851851851852,0.973534971644613,0.05,515,3,25,57
Threshold baseline,600,0.723333333333333,0.928899082568807,0.75,0.483333333333333,0.616666666666667,0.829918032786885,0.516666666666667,405,31,135,29
