scenario_id,mean_wind_speed,max_wind_speed,wind_velocity_x,wind_velocity_y,wind_velocity,wind_acceleration_x,wind_acceleration_y,wind_acceleration,wind_body_force_x,wind_body_force_y,wind_body_force,mean_wind_body_risk,mean_wind_gust_risk,mean_wind_risk_raw,min_thrust_margin_n,mean_abs_roll_deg,mean_abs_pitch_deg,mean_abs_vz,max_abs_vz,mean_tag_error,max_tag_error,stability_std_z,stability_std_vz,mean_imu_ang_vel,max_imu_ang_vel,mean_imu_lin_acc,max_imu_lin_acc,wind_speed_cmd,wind_dir_cmd,hover_height_cmd,gt_safe_to_land,label,success,onto_wind_condition,onto_gust,onto_temporal_pattern,onto_drone_state,onto_tag_observation
1,2.03308993780694,2.72968554496765,-1.25079742682076,-1.58519152899803,2.03308993780694,-0.0536292819429227,0.00878727358151656,0.0543444206769188,-0.0848220322968386,-0.132186598122342,0.160807450823992,0.0103732470805822,0.118425970896678,0.121154085054872,15.4410180805367,0.851520463396559,1.10836562287395,0.175724242667189,0.240292170881606,0.139776993015657,0.396079542601425,0.156670546701874,0.0410828980402512,NaN,NaN,NaN,NaN,2.0716688985117,-127.374480982322,2.31472368639318,stable,stable,1,0.566388133759492,0.166697155401928,0.184588882981879,0.896738773702852,0.337876891993041
2,2.30129046996435,3,-1.39007156836266,-1.79555100789434,2.30129046996435,0.00988868017075934,0.00565962922017306,0.0113937438284967,-0.109814021830882,-0.174682472150993,0.2156160882578,0.0139187519125855,0.228370297769653,0.230064088919671,15.4392771564727,1.61819418846755,1.7615294505072,0.035727104392364,0.0505226577523789,0.11210552773011,0.447157810034257,0.024369180089388,0.00564071327834414,NaN,NaN,NaN,NaN,2.42882567996652,-126.095851442396,1.57120630545374,stable,stable,1,0.659690276441093,0.159298497293247,0.108461013547195,0.955581476354731,0.35017532100884
3,1.77493982736756,2.70201992988586,-1.09140331014331,-1.36839966607159,1.77493982736756,-0.0705321194281018,0.0203964826316042,0.073422042839745,-0.0688272233600019,-0.104093664331899,0.130895778410233,0.00844321370794241,0.192143979404492,0.194308118235729,15.4394854057071,0.929456963320394,0.920424674155625,0.177103724798213,0.240268309887345,0.129413346215282,0.435731323336984,0.156705057952841,0.0404970464647739,NaN,NaN,NaN,NaN,1.87319628751653,-127.297520073929,1.91522303990107,stable,stable,1,0.512178910945162,0.222053730920571,0.217605129690291,0.896913353306439,0.342482957237652
